Id;Country;y;x;Range_mittel;
1;Austria;48.07400;16.53600;230.00000;
2;Austria;48.06500;13.06200;230.00000;
3;Austria;47.20900;11.46100;230.00000;
4;Austria;47.07200;14.56000;230.00000;
5;Austria;47.15750;10.21310;230.00000;
6;Belgium;50.90100;4.45100;300.00000;
7;Belgium;49.91500;5.50500;300.00000;
8;Bulgaria;42.27100;24.32600;240.00000;
9;Bulgaria;42.27100;24.32600;240.00000;
10;Croatia;45.88340;17.20080;240.00000;
11;Croatia;45.50270;18.56130;240.00000;
12;Czech Republic;49.50110;16.78850;200.00000;
13;Czech Republic;49.65830;13.81780;200.00000;
14;Denmark;55.32620;12.44930;300.00000;
15;Denmark;55.17310;8.55200;300.00000;
16;Denmark;57.48930;10.13650;240.00000;
17;Denmark;55.11280;14.88750;240.00000;
18;Denmark;56.02400;10.02460;230.00000;
19;Estonia;59.39767;24.60210;240.00000;
20;Estonia;58.48231;25.51833;230.00000;
21;Finland;60.27062;24.86902;400.00000;
22;Finland;61.76735;23.07645;400.00000;
23;Finland;60.90389;27.10811;400.00000;
24;Finland;62.86261;27.38149;250.00000;
25;Finland;60.12848;21.64339;250.00000;
26;Finland;64.77449;26.31888;250.00000;
27;Finland;67.13907;26.89701;250.00000;
28;Finland;63.10489;23.82104;250.00000;
29;France;48.77500;2.00800;250.00000;
30;France;50.13600;1.83500;250.00000;
31;France;44.83100;-0.69200;250.00000;
32;France;47.05900;2.36000;240.00000;
33;France;45.10400;1.37000;200.00000;
34;France;48.92700;-0.15000;250.00000;
35;France;48.71600;6.58200;240.00000;
36;France;43.80600;4.50300;240.00000;
37;France;43.57400;1.37600;240.00000;
38;France;48.46200;4.30900;240.00000;
39;France;45.28900;3.71000;240.00000;
40;France;47.33700;-1.65600;240.00000;
41;France;44.32300;4.76200;240.00000;
42;France;42.91800;2.86500;240.00000;
43;France;46.06800;4.44500;240.00000;
44;France;43.21700;6.37300;240.00000;
45;France;48.46100;-4.43000;240.00000;
46;France;42.13000;9.49600;240.00000;
47;France;43.99000;2.61000;240.00000;
48;France;50.12800;3.81200;240.00000;
49;France;46.69900;0.06600;240.00000;
50;France;47.35500;4.77600;240.00000;
51;France;43.62400;-0.60900;240.00000;
52;France;47.36900;7.01900;240.00000;
53;Germany;49.98470;8.71280;240.00000;
54;Germany;53.34000;7.02400;240.00000;
55;Germany;53.62300;9.99200;240.00000;
56;Germany;54.17200;12.05600;240.00000;
57;Germany;52.45800;9.69200;240.00000;
58;Germany;52.47400;13.38600;240.00000;
59;Germany;51.40700;6.96800;240.00000;
60;Germany;51.30700;8.80200;240.00000;
61;Germany;52.15600;11.17300;240.00000;
62;Germany;50.50000;11.13700;230.00000;
63;Germany;51.12200;13.76800;230.00000;
64;Germany;50.10600;6.50000;230.00000;
65;Germany;48.58500;9.78400;255.00000;
66;Germany;49.54100;12.40200;255.00000;
67;Germany;47.87100;8.00300;255.00000;
68;Germany;48.33600;11.61400;255.00000;
69;Greece;37.94610;23.81380;255.00000;
70;Greece;39.64460;22.46030;255.00000;
71;Greece;40.52820;22.97570;255.00000;
72;Greece;37.92610;21.28940;255.00000;
73;Greece;37.43120;23.30000;255.00000;
74;Greece;38.91660;20.75280;255.00000;
75;Greece;40.92770;24.63300;255.00000;
76;Greece;36.59930;26.44040;255.00000;
77;Hungary;47.96300;21.88900;257.95556;
78;Hungary;46.66000;17.06200;257.95556;
79;Hungary;47.42900;19.18200;257.95556;
80;Iceland;64.02600;-22.63500;257.95556;
81;Ireland;52.70000;-8.91700;253.11728;
82;Ireland;53.43000;-6.24400;253.11728;
83;Italy;45.40000;9.50000;253.11728;
84;Italy;45.03400;7.73300;253.11728;
85;Italy;44.25000;8.20000;253.11728;
86;Italy;45.68820;12.08177;253.11728;
87;Italy;46.49325;11.20911;253.11728;
88;Italy;45.72670;13.47750;253.11728;
89;Italy;44.65470;11.62360;253.11728;
90;Italy;44.79140;10.49920;253.11728;
91;Italy;43.69180;10.38683;253.11728;
92;Italy;40.42250;9.00530;253.11728;
93;Italy;45.36278;11.67361;257.95556;
94;Italy;45.69500;12.78666;257.95556;
95;Italy;41.05361;14.07416;253.11728;
96;Italy;42.05777;13.17721;253.11728;
97;Italy;40.65000;17.95000;253.11728;
98;Italy;45.34000;9.29000;253.11728;
99;Italy;41.91000;12.23000;253.11728;
100;Italy;39.33972;8.96916;253.11728;
101;Italy;46.55600;12.97400;253.11728;
102;Italy;43.95600;10.60700;253.11728;
103;Italy;42.85600;12.79100;253.11728;
104;Italy;41.93900;14.62400;253.11728;
105;Italy;39.37300;16.62400;253.11728;
106;Italy;40.57000;8.17000;253.11728;
107;Latvia;56.91430;23.98970;253.11728;
108;Netherlands;52.10200;5.17800;253.11728;
109;Netherlands;52.95300;4.79000;253.11728;
110;Norway;59.85294;5.09033;215.00000;
111;Norway;67.53044;12.09889;253.11728;
112;Norway;69.24139;16.00297;253.11728;
113;Norway;70.60519;22.44297;253.11728;
114;Norway;62.18708;5.12745;257.95556;
115;Norway;59.62721;10.56445;253.11728;
116;Norway;58.36007;7.16497;257.95556;
117;Norway;63.69053;10.20375;215.00000;
118;Poland;52.40030;20.93140;100.00000;
119;Poland;50.15170;18.72670;100.00000;
120;Poland;50.88300;16.04000;100.00000;
121;Poland;50.11420;22.00250;100.00000;
122;Poland;52.40970;16.83220;100.00000;
123;Poland;53.79030;15.83110;100.00000;
124;Poland;54.38430;18.45630;100.00000;
125;Poland;50.39420;20.07970;100.00000;
126;Portugal;39.07250;-8.39890;100.00000;
127;Portugal;37.30530;-7.95170;100.00000;
128;Romania;44.51100;26.07900;100.00000;
129;Romania;47.09000;21.94000;100.00000;
130;Romania;47.03300;21.90000;100.00000;
131;Romania;44.31100;23.86800;100.00000;
132;Romania;45.77200;21.25800;100.00000;
133;Romania;46.36000;24.22500;100.00000;
134;Romania;47.16700;27.63300;100.00000;
135;Romania;44.25000;28.26700;100.00000;
136;Serbia;45.15700;19.81600;100.00000;
137;Serbia;45.78600;19.60100;253.11728;
138;Serbia;45.18900;20.77700;253.11728;
139;Serbia;44.37400;19.92400;253.11728;
140;Serbia;44.29800;20.53400;253.11728;
141;Serbia;44.32600;21.34200;253.11728;
142;Serbia;44.13000;21.97000;253.11728;
143;Serbia;43.88700;19.84600;253.11728;
144;Serbia;43.99700;21.05300;253.11728;
145;Serbia;43.26200;19.97800;253.11728;
146;Serbia;43.62100;21.25900;253.11728;
147;Serbia;43.40500;21.95200;253.11728;
148;Serbia;42.79100;21.95200;253.11728;
149;Slovak Republic;48.25600;17.15300;253.11728;
150;Slovak Republic;48.78300;20.98700;253.11728;
151;Slovenia;46.06780;15.28490;253.11728;
152;Spain;41.99700;-4.60100;257.95556;
153;Spain;40.17700;-3.71300;257.95556;
154;Spain;39.17800;-0.25000;257.95556;
155;Spain;38.26600;-1.18900;257.95556;
156;Spain;41.40900;1.88600;257.95556;
157;Spain;43.17000;-8.52600;257.95556;
158;Spain;41.73500;-0.54500;257.95556;
159;Spain;43.46300;-6.30100;257.95556;
160;Spain;43.40400;-2.84100;257.95556;
161;Spain;39.43000;-6.28400;257.95556;
162;Spain;36.61500;-4.65800;257.95556;
163;Spain;37.68900;-6.33300;257.95556;
164;Spain;36.83400;-2.08100;257.95556;
165;Spain;39.38100;2.78600;257.95556;
166;Spain;28.01900;-15.61400;257.95556;
167;Sweden;67.70880;20.61780;257.95556;
168;Sweden;65.43090;21.86500;257.95556;
169;Sweden;63.29510;14.75910;257.95556;
170;Sweden;63.63950;18.40190;257.95556;
171;Sweden;61.57710;16.71440;257.95556;
172;Sweden;60.72300;14.87760;257.95556;
173;Sweden;59.65440;17.94630;257.95556;
174;Sweden;57.30350;18.40010;257.95556;
175;Sweden;58.10590;15.93630;257.95556;
176;Sweden;58.25560;12.82600;257.95556;
177;Sweden;56.36750;12.85170;257.95556;
178;Sweden;56.29550;15.61030;257.95556;
179;Switzerland;47.28500;8.51300;257.95556;
180;Switzerland;46.42600;6.10000;257.95556;
181;Switzerland;46.04200;8.83400;257.95556;
182;United Kingdom;52.40000;-2.60000;257.95556;
183;United Kingdom;53.75000;-2.29000;257.95556;
184;United Kingdom;51.69000;-0.53000;257.95556;
185;United Kingdom;54.50000;-6.34000;257.95556;
186;United Kingdom;50.00000;-5.22000;257.95556;
187;United Kingdom;53.34000;-0.56000;257.95556;
188;United Kingdom;51.98000;-4.44000;257.95556;
189;United Kingdom;49.18000;-2.22000;257.95556;
190;United Kingdom;57.43000;-2.04000;257.95556;
191;United Kingdom;58.21000;-6.18000;257.95556;
192;United Kingdom;50.96000;-3.45000;257.95556;
193;United Kingdom;56.02000;-4.22000;257.95556;
194;United Kingdom;56.21000;-3.31000;257.95556;
195;United Kingdom;51.29000;0.60000;257.95556;
196;United Kingdom;51.03000;-1.65000;257.95556;
197;Azerbaijan;41.08333;45.50000;230.00000;
198;Azerbaijan;40.68333;48.63333;230.00000;
199;Bangladesh;21.45000;91.96667;230.00000;
200;Bangladesh;23.78333;90.38333;230.00000;
201;Bangladesh;21.98333;90.23333;230.00000;
202;Bangladesh;24.48556;91.77500;230.00000;
203;Bangladesh;25.73333;89.26667;230.00000;
204;Belarus;52.13056;23.90278;230.00000;
205;Belarus;52.06667;31.00000;230.00000;
206;Belarus;53.86667;28.06667;300.00000;
207;Belize;17.49771;-88.18665;300.00000;
208;Brazil;-22.35833;-49.02778;300.00000;
209;Brazil;-22.17500;-51.37417;300.00000;
210;Brunei Darussalam;-5.00000;115.00000;240.00000;
211;Bulgaria;42.69500;23.40806;240.00000;
212;Bulgaria;43.27694;27.79750;256.00000;
213;Canada;49.01611;-122.48778;240.00000;
214;Canada;50.57111;-105.18278;150.00000;
215;Canada;45.79278;-80.53278;250.00000;
216;Canada;53.56056;-114.14472;360.00000;
217;Canada;46.22222;-65.69861;256.00000;
218;Canada;49.85833;-92.79722;120.00000;
219;Canada;43.37028;-81.38028;480.00000;
220;Canada;50.54917;-101.08556;500.00000;
221;Canada;45.04083;-76.11361;500.00000;
222;Canada;45.09889;-63.70333;400.00000;
223;Canada;47.32639;-53.12639;500.00000;
224;Canada;54.91333;-109.95528;250.00000;
225;Canada;43.96389;-79.57139;250.00000;
226;Canada;48.57528;-70.67306;256.00000;
227;Canada;48.55083;-77.80972;480.00000;
228;Canada;48.85361;-89.12139;400.00000;
229;Canada;48.93028;-57.84361;400.00000;
230;Canada;45.94833;-60.20611;400.00000;
231;Canada;45.42500;-73.93611;256.00000;
232;Canada;47.24778;-84.59583;175.00000;
233;Canada;48.86028;-123.75583;200.00000;
234;Canada;50.37028;-119.06500;200.00000;
235;Canada;53.61528;-122.95472;175.00000;
236;Canada;52.52056;-107.44361;200.00000;
237;Canada;50.31250;-110.19556;200.00000;
238;Canada;55.69250;-119.23417;0.00000;
239;Canada;51.20639;-113.39806;320.00000;
240;Canada;49.28000;-81.79389;320.00000;
241;Canada;48.48028;-67.60111;240.00000;
242;Canada;46.45000;-71.91528;240.00000;
243;Canada;50.15389;-97.77833;240.00000;
245;Cyprus;34.98000;32.73000;200.00000;
246;Estonia;59.39833;24.60417;230.00000;
247;Estonia;58.93333;25.51833;230.00000;
248;Finland;60.38806;25.11389;250.00000;
249;Finland;60.20444;24.96306;250.00000;
250;Hong Kong, China;22.36278;114.01111;255.00000;
251;Hong Kong, China;22.41167;114.12361;255.00000;
252;Hong Kong, China;22.36000;114.21500;255.00000;
253;Iceland;64.15000;-21.95000;257.95556;
254;Indonesia;-3.72972;128.16306;253.11728;
255;Indonesia;-1.26000;116.89667;253.11728;
256;Indonesia;5.53889;95.49611;253.11728;
257;Indonesia;1.15806;136.08611;253.11728;
258;Indonesia;-8.53083;118.70056;253.11728;
259;Indonesia;-8.73806;115.17889;253.11728;
260;Indonesia;-2.59806;140.52972;253.11728;
261;Indonesia;-10.21806;123.62472;253.11728;
262;Indonesia;-5.20000;105.17500;253.11728;
263;Indonesia;-5.06389;119.53111;253.11728;
264;Indonesia;1.50194;124.91611;253.11728;
265;Indonesia;3.53972;98.63694;253.11728;
266;Indonesia;0.78611;100.30500;253.11728;
267;Indonesia;-2.25028;113.94472;253.11728;
268;Indonesia;-2.91694;104.70194;253.11728;
269;Indonesia;0.08889;109.39306;253.11728;
270;Indonesia;-6.99333;110.37528;253.11728;
271;Indonesia;-7.43306;112.84194;253.11728;
272;Indonesia;-6.12556;106.65889;257.95556;
273;Iran, Islamic Republic of;31.25000;48.55000;253.11728;
274;Iran, Islamic Republic of;34.28389;46.10167;253.11728;
275;Iran, Islamic Republic of;36.85111;53.38389;253.11728;
276;Iran, Islamic Republic of;37.91694;46.15111;253.11728;
277;Iran, Islamic Republic of;35.48389;51.83889;253.11728;
278;Israel;32.01806;34.82056;253.11728;
279;Japan;39.71778;140.09944;253.11728;
280;Japan;34.87639;136.80750;253.11728;
281;Japan;36.23750;136.14250;253.11728;
282;Japan;33.43472;130.35694;253.11728;
283;Japan;33.58528;130.44194;253.11728;
284;Japan;41.93361;140.78139;253.11728;
285;Japan;34.27028;132.59333;253.11728;
286;Japan;24.42667;124.18222;257.95556;
287;Japan;31.79500;130.71889;253.11728;
288;Japan;34.44306;135.25944;253.11728;
289;Japan;42.96083;144.51750;253.11728;
290;Japan;35.54167;133.10333;253.11728;
291;Japan;33.25222;134.17722;253.11728;
292;Japan;36.10306;138.19583;253.11728;
293;Japan;35.16833;136.96472;253.11728;
294;Japan;26.20417;127.65083;253.11728;
295;Japan;34.44306;135.25944;253.11728;
296;Japan;28.39333;129.55083;253.11728;
297;Japan;42.79611;141.67667;253.11728;
298;Japan;37.71861;138.81611;253.11728;
299;Japan;26.15333;127.76444;253.11728;
300;Japan;34.61611;135.65611;253.11728;
301;Japan;34.79667;135.43611;253.11728;
302;Japan;43.13889;141.00972;253.11728;
303;Japan;38.26222;140.89667;253.11728;
304;Japan;34.74278;138.13361;253.11728;
305;Japan;30.63944;130.97861;253.11728;
306;Japan;35.85972;139.95972;253.11728;
307;Japan;35.55611;139.75611;253.11728;
308;Jordan;31.98333;35.98000;253.11728;
309;Macao, China;22.15972;113.56222;253.11728;
310;Morocco;33.95000;-3.03000;253.11728;
311;Myanmar;19.41667;93.55000;253.11728;
312;Morocco;33.65000;-7.58000;253.11728;
313;Morocco;30.19000;-9.23000;253.11728;
314;Morocco;33.55000;-4.58000;253.11728;
315;Morocco;32.52000;-6.58000;257.95556;
316;Morocco;35.11000;-6.08000;257.95556;
317;New Zealand;-46.41806;168.33056;253.11728;
318;New Zealand;-39.16806;177.88778;253.11728;
319;New Zealand;-39.01028;174.17694;257.95556;
320;New Zealand;-41.31139;174.64611;257.95556;
321;New Zealand;-43.78472;172.02306;257.95556;
322;New Zealand;-36.28333;174.71056;257.95556;
323;Pakistan;31.55000;74.33333;257.95556;
324;Pakistan;33.06667;33.06667;253.11728;
325;Pakistan;32.51667;74.53333;257.95556;
326;Pakistan;31.81667;70.93333;257.95556;
327;Pakistan;33.69444;73.05306;100.00000;
328;Pakistan;24.09000;67.13333;100.00000;
329;Pakistan;28.40250;70.27333;100.00000;
330;Panama;8.97778;-79.56556;100.00000;
331;Singapore;1.35000;103.97000;253.11728;
332;South Africa;-28.25000;28.33278;253.11728;
333;South Africa;-29.10167;28.29694;253.11728;
334;South Africa;-33.87556;18.59556;253.11728;
335;South Africa;-30.66500;23.99306;253.11728;
336;South Africa;-30.01333;30.92639;257.95556;
337;South Africa;-32.93861;27.81472;257.95556;
338;South Africa;-26.49250;29.98389;257.95556;
339;South Africa;-25.91056;28.21028;257.95556;
340;South Africa;-31.53694;28.76444;257.95556;
341;South Africa;-25.99556;28.38056;257.95556;
342;South Africa;-26.73472;26.08778;257.95556;
343;South Africa;-23.85306;29.46194;257.95556;
344;South Africa;-33.88861;25.27111;257.95556;
345;South Africa;-24.97389;31.60056;257.95556;
346;Thailand;18.78333;98.98333;257.95556;
347;Thailand;10.48333;99.18333;257.95556;
348;Thailand;19.96667;99.88333;257.95556;
349;Thailand;13.91667;100.60000;257.95556;
350;Thailand;12.58333;99.95000;257.95556;
351;Thailand;6.93972;100.39222;257.95556;
352;Thailand;16.26667;102.46667;257.95556;
353;Thailand;14.36750;101.40583;257.95556;
354;Thailand;8.10528;98.97250;257.95556;
355;Thailand;18.56528;99.04194;257.95556;
356;Thailand;15.65694;101.10833;257.95556;
357;Thailand;16.78333;100.26667;257.95556;
358;Thailand;8.13361;98.33000;257.95556;
359;Thailand;9.78333;98.60000;257.95556;
360;Thailand;8.13361;98.33000;257.95556;
361;Thailand;9.78333;98.60000;257.95556;
362;Thailand;12.63361;101.34056;257.95556;
363;Thailand;17.15000;104.13333;257.95556;
364;Thailand;9.13333;99.15000;257.95556;
365;Thailand;7.43333;100.45000;257.95556;
366;Thailand;13.68611;100.77500;257.95556;
367;Thailand;7.51667;99.61667;257.95556;
368;Thailand;15.23333;105.03333;257.95556;
369;Trinidad and Tobago;10.42417;61.28000;257.95556;
370;Tunisia;36.47333;10.32278;257.95556;
371;Turkey;39.79861;32.97139;257.95556;
372;Turkey;36.26639;30.43750;257.95556;
373;Turkey;39.74000;27.61833;257.95556;
374;Turkey;36.31778;35.78806;257.95556;
375;Turkey;41.34500;28.35500;257.95556;
376;Turkey;38.31139;27.00111;257.95556;
377;Turkey;36.88583;28.33250;257.95556;
378;Turkey;41.31472;36.03667;257.95556;
379;Turkey;41.07472;39.46833;257.95556;
380;Turkey;41.18194;31.79833;257.95556;
381;United Arab Emirates;25.12111;56.30722;257.95556;
382;United Arab Emirates;23.10528;53.75778;257.95556;
383;United Arab Emirates;25.25972;55.35972;257.95556;
384;United Arab Emirates;24.50222;52.33167;257.95556;
385;United Arab Emirates;24.26556;55.61972;257.95556;
386;United Arab Emirates;24.25444;54.55056;257.95556;
387;Uzbekistan;42.49917;59.63250;250.00000;
388;Uzbekistan;41.26083;69.27833;250.00000;
389;Uzbekistan;39.68500;66.96917;257.95556;
390;United States of America;45.45583;-98.41306;257.95556;
391;United States of America;42.58639;-74.06389;257.95556;
392;United States of America;35.14972;-106.82389;257.95556;
393;United States of America;34.36194;-98.97667;257.95556;
394;United States of America;35.23333;-101.70917;257.95556;
395;United States of America;60.72583;-151.36444;257.95556;
396;United States of America;13.45583;-144.81111;257.95556;
397;United States of America;33.36333;-84.56583;257.95556;
398;United States of America;29.70389;-98.02861;257.95556;
399;United States of America;39.49611;-121.63167;257.95556;
400;United States of America;60.79194;-161.87639;257.95556;
401;United States of America;45.85361;-108.60667;257.95556;
402;United States of America;42.19944;-75.98472;257.95556;
403;United States of America;33.17194;-86.76972;257.95556;
404;United States of America;46.77083;-100.76028;257.95556;
405;United States of America;43.49000;-116.24167;257.95556;
406;United States of America;41.95556;-71.13667;257.95556;
407;United States of America;40.86528;-72.86389;257.95556;
408;United States of America;25.91556;-97.41861;257.95556;
409;United States of America;42.94861;-78.73694;257.95556;
410;United States of America;44.51111;-73.16639;257.95556;
411;United States of America;37.20750;-127.29167;257.95556;
412;United States of America;34.63417;-103.61889;257.95556;
413;United States of America;46.03917;-67.80639;257.95556;
414;United States of America;37.59083;-112.86222;257.95556;
415;United States of America;32.65528;-81.04194;257.95556;
416;United States of America;38.31111;-81.72278;257.95556;
417;United States of America;41.00194;-104.80611;257.95556;
418;United States of America;41.60444;-88.08444;257.95556;
419;United States of America;39.42028;-83.82167;257.95556;
420;United States of America;41.41306;-81.86000;257.95556;
421;United States of America;33.94861;-81.11861;257.95556;
422;United States of America;33.89667;-88.32917;257.95556;
423;United States of America;27.78389;-97.51083;257.95556;
424;United States of America;32.57278;-97.30306;257.95556;
425;United States of America;39.78639;-104.54556;257.95556;
426;United States of America;41.73111;-93.72278;257.95556;
427;United States of America;42.70000;-83.47167;257.95556;
428;United States of America;37.76083;-99.96889;257.95556;
429;United States of America;38.82556;-75.44000;257.95556;
430;United States of America;46.83694;-92.20972;257.95556;
431;United States of America;32.53833;-99.25417;257.95556;
432;United States of America;35.09778;-117.56056;257.95556;
433;United States of America;30.56500;-85.92167;257.95556;
434;United States of America;31.86000;-106.69778;257.95556;
435;United States of America;40.73972;-116.80278;257.95556;
436;United States of America;40.49833;-124.29194;257.95556;
437;United States of America;38.26000;-87.72444;257.95556;
438;United States of America;65.03000;-147.51417;257.95556;
439;United States of America;47.52806;-97.32500;257.95556;
440;United States of America;34.57417;-111.19833;257.95556;
441;United States of America;36.73667;-87.28500;257.95556;
442;United States of America;43.75583;-75.68000;257.95556;
443;United States of America;30.72167;-97.38278;257.95556;
444;United States of America;31.15528;-92.97583;257.95556;
445;United States of America;31.46056;-85.45917;257.95556;
446;United States of America;48.20611;-106.62444;257.95556;
447;United States of America;39.36694;-101.70028;257.95556;
448;United States of America;40.32083;-98.44194;257.95556;
449;United States of America;39.06222;-108.21361;299.00000;
450;United States of America;42.89389;-85.54472;299.00000;
451;United States of America;47.45972;-111.38528;299.00000;
452;United States of America;44.49861;-88.11111;299.00000;
453;United States of America;34.88306;-82.21972;299.00000;
454;United States of America;33.06667;-106.12000;210.00000;
455;United States of America;29.47194;-95.07889;480.00000;
456;United States of America;39.70750;-86.28028;299.00000;
457;United States of America;37.59083;-83.31306;299.00000;
458;United States of America;32.28000;-89.98444;480.00000;
459;United States of America;30.49611;-81.10833;299.00000;
460;United States of America;26.30194;-127.90972;299.00000;
461;United States of America;20.12528;-155.77778;240.00000;
462;United States of America;24.59694;-81.70333;450.00000;
463;United States of America;58.67944;-156.62944;450.00000;
464;United States of America;36.16833;-83.40194;450.00000;
465;United States of America;35.92417;-126.62222;450.00000;
466;United States of America;43.82278;-91.19111;450.00000;
467;United States of America;38.73000;-27.32056;450.00000;
468;United States of America;30.12528;-93.21583;450.00000;
469;United States of America;35.70111;-114.89139;450.00000;
470;United States of America;29.27250;-100.28028;240.00000;
471;United States of America;40.15500;-89.20333;240.00000;
472;United States of America;34.83639;-92.26194;200.00000;
473;United States of America;34.41167;-119.17861;257.95556;
474;United States of America;37.97528;-85.84389;257.95556;
475;United States of America;33.65389;-101.81417;253.11728;
476;United States of America;46.53111;-87.54833;257.95556;
477;United States of America;32.53639;-85.78972;257.95556;
478;United States of America;42.08111;-122.72361;257.95556;
479;United States of America;28.11306;-80.65444;257.95556;
480;United States of America;35.34472;-89.87333;253.11728;
481;United States of America;25.61056;-80.41306;257.95556;
482;United States of America;59.46194;-146.30111;253.11728;
483;United States of America;31.94611;-102.18917;253.11728;
484;United States of America;42.96778;-88.55056;253.11728;
485;United States of America;44.84889;-93.56528;253.11728;
486;United States of America;48.39250;-100.86444;253.11728;
487;United States of America;47.04111;-113.98611;253.11728;
488;United States of America;30.67944;-88.23972;257.95556;
489;United States of America;21.13278;-157.18028;253.11728;
490;United States of America;30.89028;83.00000;257.95556;
491;United States of America;34.77583;-76.87639;257.95556;
492;United States of America;36.24722;-86.56250;257.95556;
493;United States of America;44.90611;-84.71944;253.11728;
494;United States of America;64.51139;-165.29500;253.11728;
495;United States of America;36.98389;-77.00750;257.95556;
496;United States of America;35.33306;-97.27750;253.11728;
497;United States of America;41.95778;-100.57611;253.11728;
498;United States of America;34.93056;-86.08361;253.11728;
499;United States of America;41.04194;-85.70000;253.11728;
500;United States of America;41.32028;-96.36806;253.11728;
501;United States of America;37.06833;-88.77194;257.95556;
502;United States of America;45.69056;-118.85278;253.11728;
503;United States of America;39.94694;-74.41056;253.11728;
504;United States of America;33.28917;-111.67000;253.11728;
505;United States of America;40.53167;-80.22944;253.11728;
506;United States of America;38.81000;-94.26444;253.11728;
507;United States of America;43.10556;-112.68611;253.11728;
508;United States of America;43.89111;-70.25611;253.11728;
509;United States of America;45.71500;-122.96500;257.95556;
510;United States of America;38.45944;-104.18139;253.11728;
511;United States of America;41.61167;-90.58083;253.11728;
512;United States of America;35.66528;-78.49000;253.11728;
513;United States of America;44.12472;-102.83000;253.11728;
514;United States of America;39.75389;-119.46194;253.11728;
515;United States of America;43.06611;-108.47722;253.11728;
516;United States of America;37.02417;-80.27417;253.11728;
517;United States of America;32.67500;-83.35111;253.11728;
518;United States of America;38.50111;-121.67778;253.11728;
519;United States of America;41.26278;-112.44778;253.11728;
520;United States of America;31.37111;-100.49222;253.11728;
521;United States of America;32.91889;-117.04194;253.11728;
522;United States of America;37.15500;-121.89833;253.11728;
523;United States of America;36.31417;-119.63194;253.11728;
524;United States of America;18.11556;-66.07806;253.11728;
525;United States of America;33.82722;-117.63330;253.11728;
526;United States of America;48.19444;-122.49556;253.11728;
527;United States of America;32.45083;-93.84111;250.00000;
528;United States of America;43.58778;-96.72889;100.00000;
529;United States of America;56.85278;-135.52917;100.00000;
530;United States of America;30.33667;-89.82528;100.00000;
531;United States of America;21.89389;-159.55250;100.00000;
532;United States of America;19.09500;-155.56889;100.00000;
533;United States of America;47.68056;-117.62583;100.00000;
534;United States of America;37.23528;-93.40028;100.00000;
535;United States of America;38.69889;-90.68278;100.00000;
536;United States of America;40.92306;-78.00389;100.00000;
537;United States of America;38.97611;-77.48750;100.00000;
538;United States of America;30.39750;-84.32889;125.00000;
539;United States of America;27.70528;-82.40194;250.00000;
540;United States of America;38.99694;-96.23250;250.00000;
541;United States of America;31.89361;-110.63028;250.00000;
542;United States of America;36.17500;-95.56389;250.00000;
543;United States of America;36.74083;-98.12750;250.00000;
544;United States of America;34.83833;-120.39778;250.00000;
545;United States of America;35.29028;-94.36167;250.00000;
546;United States of America;33.98917;-78.42917;250.00000;
547;United States of America;32.49528;-114.65667;250.00000;
548;Mexico;16.86379;-99.88161;253.11728;
549;Mexico;18.77405;-95.76002;253.11728;
550;Mexico;21.15896;-86.84594;257.95556;
551;Mexico;18.99790;-104.18728;100.00000;
552;Mexico;27.90627;-110.90100;253.11728;
553;Mexico;25.57444;-108.47056;253.11728;
554;Mexico;22.88333;-109.93330;253.11728;
555;Mexico;27.49220;-109.94071;253.11728;
556;Mexico;15.66434;-96.48840;253.11728;
557;Mexico;25.76660;-104.09000;100.00000;
558;Mexico;18.97182;-91.17761;253.11728;
559;Mexico;22.40198;-97.93671;253.11728;
560;Mexico;15.50133;-92.35210;253.11728;
561;Cuba;21.92408;-84.48420;240.00000;
562;Cuba;21.45119;-82.84273;240.00000;
563;Cuba;23.14182;-82.33912;240.00000;
564;Cuba;21.99028;-80.14722;200.00000;
565;Cuba;21.38590;-77.91354;200.00000;
566;Cuba;19.90528;-77.32083;200.00000;
567;Cuba;20.01140;-75.62682;200.00000;
568;Curacao;12.16957;-68.99002;200.00000;
569;Bermuda;32.30780;-64.75050;300.00000;
570;Jamaica;18.12730;-76.93402;253.11728;
571;Fiji;-17.72706;177.45495;230.00000;
572;Australia;-35.66000;149.51000;224.00000;
573;Australia;-29.62000;152.97000;224.00000;
574;Australia;-29.50000;149.85000;224.00000;
575;Australia;-31.02400;150.19150;224.00000;
576;Australia;-32.73000;152.02700;224.00000;
577;Australia;-29.03300;167.93300;240.00000;
578;Australia;-33.70100;151.21000;240.00000;
579;Australia;-35.17000;147.47000;230.00000;
580;Australia;-34.26400;150.87400;230.00000;
581;Australia;-23.82000;133.90000;240.00000;
582;Australia;-12.46000;130.93000;240.00000;
583;Australia;-12.28000;136.82000;260.00000;
584;Australia;-14.51000;132.45000;260.00000;
585;Australia;-19.64000;134.18000;240.00000;
586;Australia;-19.88000;148.08000;240.00000;
587;Australia;-22.71800;153.24000;240.00000;
588;Australia;-16.82000;145.68000;240.00000;
589;Australia;-23.54940;148.23920;240.00000;
590;Australia;-23.86000;151.26000;240.00000;
591;Australia;-25.95700;152.57700;240.00000;
592;Australia;-23.43000;144.29000;250.00000;
593;Australia;-21.12000;149.22000;250.00000;
594;Australia;-27.61000;152.54000;250.00000;
595;Australia;-16.67000;139.17000;250.00000;
596;Australia;-19.42000;146.55000;250.00000;
597;Australia;-26.44000;147.35000;250.00000;
598;Australia;-12.67000;141.92000;250.00000;
599;Australia;-16.28800;149.96500;250.00000;
600;Australia;-34.61700;138.46900;256.00000;
601;Australia;-35.33000;138.50000;256.00000;
602;Australia;-32.13000;133.70000;256.00000;
603;Australia;-37.75000;140.77000;256.00000;
604;Australia;-31.16000;136.80000;256.00000;
605;Australia;-43.11220;147.80610;256.00000;
606;Australia;-41.18100;145.57900;256.00000;
607;Australia;-42.83000;147.51000;256.00000;
608;Australia;-37.86000;144.76000;256.00000;
609;Australia;-34.23000;142.08000;256.00000;
610;Australia;-37.89000;147.56000;256.00000;
611;Australia;-36.03000;146.03000;256.00000;
612;Australia;-34.94000;117.80000;256.00000;
613;Australia;-17.95000;122.23000;256.00000;
614;Australia;-24.88000;113.67000;256.00000;
615;Australia;-20.65000;116.69000;256.00000;
616;Australia;-33.83000;121.89000;256.00000;
617;Australia;-31.68000;128.89000;256.00000;
618;Australia;-28.80000;114.70000;256.00000;
619;Australia;-25.03000;128.30000;256.00000;
620;Australia;-18.23000;127.66000;256.00000;
621;Australia;-30.79000;121.45000;256.00000;
622;Australia;-22.10000;114.00000;256.00000;
623;Australia;-32.39000;115.87000;256.00000;
624;Australia;-20.37000;118.63000;230.00000;
625;Australia;-15.45000;128.12000;230.00000;
626;Botswana;-24.42639;26.01667;300.00000;
627;Vietnam;20.78476;106.63945;257.95556;
628;Vietnam;21.25328;105.45046;257.95556;
629;Vietnam;18.67958;105.68133;257.95556;
630;Vietnam;15.56667;108.48333;257.95556;
631;Vietnam;12.23879;109.19675;257.95556;
632;Vietnam;10.69437;106.74116;257.95556;
633;Taiwan;25.23227;121.59055;257.95556;
634;Taiwan;23.97245;121.58263;257.95556;
635;Taiwan;23.07405;120.07766;257.95556;
636;Taiwan;22.00959;120.74859;257.95556;
637;Kuwait;29.19890;48.03390;253.11728;
639;India;19.07598;72.87766;257.95556;
643;India;13.06042;80.24958;250.00000;
645;India;16.18438;81.13493;257.95556;
646;India;17.68682;83.21848;257.95556;
648;India;22.57265;88.36390;253.11728;
649;Korea;37.44294;126.96100;253.11728;
650;Korea;35.82506;128.74154;253.11728;
651;Korea;37.64647;126.80132;253.11728;
652;Korea;35.97276;127.19930;253.11728;
653;Korea;33.45306;126.92889;253.11728;
654;Korea;34.48687;126.26349;253.11728;
655;Korea;37.52472;129.11429;253.11728;
656;China;39.43000;75.96000;262.71983;
657;China;41.16000;80.26000;262.71983;
658;China;43.17000;81.12000;262.71983;
659;China;44.41000;84.81000;262.71983;
660;China;41.77000;86.16000;262.71983;
661;China;43.55000;87.37000;262.71983;
662;China;43.77000;85.31000;262.71983;
663;China;29.27000;88.83000;262.71983;
664;China;29.25000;91.78000;262.71983;
665;China;29.65000;94.35000;262.71983;
666;China;36.60000;101.82000;262.71983;
667;China;38.89000;100.41000;262.71983;
668;China;36.07000;103.84000;262.71983;
669;China;34.54000;105.75000;262.71983;
670;China;35.19000;106.29000;262.71983;
671;China;35.20000;106.68000;262.71983;
672;China;38.41000;105.95000;262.71983;
673;China;27.83000;102.28000;262.71983;
674;China;28.76000;104.57000;262.71983;
675;China;30.53000;105.58000;262.71983;
676;China;29.98000;102.99000;262.71983;
677;China;31.12000;104.40000;262.71983;
678;China;32.44000;105.82000;262.71983;
679;China;24.16000;98.23000;262.71983;
680;China;22.75000;100.95000;262.71983;
681;China;26.90000;100.24000;262.71983;
682;China;25.03000;102.71000;262.71983;
683;China;23.36000;104.22000;262.71983;
684;China;19.86000;110.32000;262.71983;
685;China;23.90000;106.62000;262.71983;
686;China;24.56000;104.66000;262.71983;
687;China;22.85000;108.35000;262.71983;
688;China;24.29000;109.40000;262.71983;
689;China;25.28000;110.29000;262.71983;
690;China;25.59000;111.27000;262.71983;
691;China;27.27000;105.28000;262.71983;
692;China;26.63000;106.64000;262.71983;
693;China;26.27000;107.52000;262.71983;
694;China;27.69000;106.91000;262.71983;
695;China;29.28000;106.30000;262.71983;
696;China;33.09000;107.03000;262.71983;
697;China;32.73000;108.99000;262.71983;
698;China;34.26000;108.92000;262.71983;
699;China;36.58000;109.44000;262.71983;
700;China;38.31000;109.69000;262.71983;
701;China;39.62000;109.80000;262.71983;
702;China;40.88000;111.71000;262.71983;
703;China;43.62000;122.21000;262.71983;
704;China;49.21000;119.76000;262.71983;
705;China;50.42000;124.14000;262.71983;
706;China;47.36000;123.89000;262.71983;
707;China;45.72000;126.60000;262.71983;
708;China;44.57000;129.61000;262.71983;
709;China;46.49000;130.38000;262.71983;
710;China;45.50000;122.28000;262.71983;
711;China;43.82000;125.35000;262.71983;
712;China;41.77000;123.40000;262.71983;
713;China;38.95000;121.56000;262.71983;
714;China;40.65000;122.23000;262.71983;
715;China;39.63000;118.21000;262.71983;
716;China;40.94000;117.98000;262.71983;
717;China;39.06000;117.29000;262.71983;
718;China;39.79000;116.18000;262.71983;
719;China;39.54000;116.62000;262.71983;
720;China;40.82000;114.84000;262.71983;
721;China;38.04000;114.51000;262.71983;
722;China;40.07000;113.28000;262.71983;
723;China;37.88000;112.55000;262.71983;
724;China;36.09000;111.43000;262.71983;
725;China;35.75000;115.04000;262.71983;
726;China;34.16000;115.51000;262.71983;
727;China;34.73000;113.55000;262.71983;
728;China;33.00000;114.02000;262.71983;
729;China;33.00000;112.52000;262.71983;
730;China;34.42000;110.67000;262.71983;
731;China;32.42000;115.77000;262.71983;
732;China;37.38000;120.81000;262.71983;
733;China;36.06000;120.38000;262.71983;
734;China;37.36000;117.94000;262.71983;
735;China;36.70000;116.95000;262.71983;
736;China;36.19000;117.07000;262.71983;
737;China;34.60000;119.18000;262.71983;
738;China;35.10000;118.34000;262.71983;
739;China;33.36000;120.13000;262.71983;
740;China;31.37000;121.17000;262.71983;
741;China;33.95000;116.77000;262.71983;
742;China;31.81000;117.21000;262.71983;
743;China;32.27000;118.28000;262.71983;
744;China;31.66000;118.55000;262.71983;
745;China;30.00000;122.25000;262.71983;
746;China;29.87000;121.56000;262.71983;
747;China;30.24000;120.11000;262.71983;
748;China;28.02000;120.71000;262.71983;
749;China;29.06000;119.67000;262.71983;
750;China;25.05000;116.98000;262.71983;
751;China;24.50000;118.14000;262.71983;
752;China;26.02000;119.31000;262.71983;
753;China;27.41000;117.70000;262.71983;
754;China;23.31000;116.65000;262.71983;
755;China;23.13000;113.20000;262.71983;
756;China;22.58000;114.03000;262.71983;
757;China;21.85000;111.81000;262.71983;
758;China;24.07000;115.34000;262.71983;
759;China;24.79000;113.64000;262.71983;
760;China;25.83000;114.89000;262.71983;
761;China;27.09000;114.99000;262.71983;
762;China;29.69000;116.00000;262.71983;
763;China;28.67000;115.85000;262.71983;
764;China;27.54000;110.00000;262.71983;
765;China;29.04000;111.65000;262.71983;
766;China;28.24000;112.93000;262.71983;
767;China;30.30000;109.51000;262.71983;
768;China;30.67000;111.24000;262.71983;
769;China;30.30000;112.24000;262.71983;
770;China;29.84000;114.35000;262.71983;
771;China;32.68000;110.79000;262.71983;
773;Burkina Faso;12.3600;-1.5200;250.00000;
774;Burkina Faso;11.1500;-4.3200;250.00000;
775;Mali;12.5200;-7.9500;250.00000;
776;Philippines;16.402659;120.59638;120;
777;Philippines;14.901658;120.237007;120;
778;Philippines;14.121594;120.962505;120;
779;Philippines;10.318297;123.978939;120;
780;Philippines;8.367769;126.332359;120;
781;Philippines;6.489301;125.065498;120;
782;Philippines;15.736745;121.569843;200;
783;Philippines;13.590598;124.209938;200;
784;Philippines;11.036908;125.730057;200;
785;Philippines;18.3542;121.641941;200;
786;Brazil;-15.97;-48;250;
787;Brazil;-22.45;-43.28;250;
788;Brazil;-28.12;-49.47;250;
789;Brazil;-23.6;-23.08;250;
790;Brazil;-29.22;-54.92;250;
791;Brazil;-31.04;-52.7;250;
792;Brazil;-3.78;-38.55;120;
793;Brazil;-5.07;-39.27;250;
795;Paraguay;-25.3500;-57.3400;120;
796;Russia;57.967513;33.250751;262.71983;
797;Russia;56.86061;35.924492;262.71983;
798;Russia;55.739482;37.613983;262.71983;
799;Russia;56.328721;43.997269;262.71983;
800;Russia;54.78485;32.045631;262.71983;
801;Russia;54.550363;36.287098;262.71983;
802;India;23.832775;91.28706;262.71983;
804;India;21.140869;79.093208;262.71983;
805;India;28.623104;77.225418;257.9555556;
806;India;17.380784;78.48278;262.71983;
807;India;30.324286;76.395092;262.71983;
814;India;26.851029;80.956764;215;
817;India;25.610571;85.146561;262.71983;
818;India;26.912274;75.791817;262.71983;
819;Malaysia;5.430085;116.837768;150;
820;Malaysia;2.5425;113.009949;150;
821;Malaysia;4.319024;113.993225;150;
822;Malaysia;1.232777;110.983829;150;
823;Malaysia;6.18;100.41;200;
824;Malaysia;5.47;100.38;150;
825;Malaysia;6.11939;102.252388;150;
826;Malaysia;3.040412;101.583996;150;
827;Malaysia;2.754275;101.705389;150;
828;Malaysia;3.821093;103.326988;150;
829;Malaysia;2.02;103.32;150;
830;Argentina;-34.854946;-58.519478;240;
831;Argentina;-33.88823;-60.569372;240;
832;Senegal;15.379543;-15.118103;150;
833;Niger;13.515501;2.113781;150;
834;Niger;13.806075;8.987818;150;
